Workbook
Name Slicer_Category: #N/A
Name Slicer_Sales_manager: #N/A

Sheet Orders Main data
A1: Order ID | B1: Customer ID | C1: Customer Country | D1: Order Datetime | E1: Order Source | F1: Sales POC | G1: Order Value | H1: Country/index match | I1: Order date | J1: Quarter | K1: Order Time | L1: Sales Team | M1: 2023 Sales Target | N1: Sales manager | O1: Gender | P1: Age | Q1: Category
A2: 1597 | B2: 856 | C2: USA | D2: 45275.035 | E2: Other | F2: Kwai Yu | G2: 412 | H2: USA | I2: 45275 | J2: Q4 | K2: 0.53472222 | L2: Alpha | M2: 200000 | N2: Alexander Müller | O2: M | P2: 59 | Q2: B
A3: 2011 | B3: 525 | C3: India | D3: 45045.986 | E3: Whatsapp | F3: Paul Henriot | G3: 4551 | H3: India | I3: 45045 | J3: Q2 | K3: 0.48611111 | L3: Beta | M3: 200000 | N3: Sophia Rossi | O3: F | P3: 20 | Q3: B
A4: 2822 | B4: 1614 | C4: USA | D4: 45290.015 | E4: Whatsapp | F4: Daniel Da Cunha | G4: 3960 | H4: USA | I4: 45290 | J4: Q4 | K4: 0.51458333 | L4: Gamma | M4: 100000 | N4: Lucas Olsen | O4: M | P4: 37 | Q4: D
A5: 2889 | B5: 743 | C5: USA | D5: 45258.022 | E5: Whatsapp | F5: Julie Young | G5: 8397 | H5: USA | I5: 45258 | J5: Q4 | K5: 0.52152778 | L5: Gamma | M5: 150000 | N5: Emma Hansen | O5: F | P5: 29 | Q5: B
A6: 3971 | B6: 20 | C6: USA | D6: 45225.966 | E6: Website | F6: Julie Brown | G6: 5545 | H6: USA | I6: 45225 | J6: Q4 | K6: 0.46597222 | L6: Alpha | M6: 200000 | N6: Lukas Schmidt | O6: F | P6: 38 | Q6: A
A7: 4111 | B7: 1367 | C7: Italy | D7: 44993.953 | E7: App | F7: Juri Hirano | G7: 7800 | H7: Italy | I7: 44993 | J7: Q1 | K7: 0.45277778 | L7: Gamma | M7: 150000 | N7: Sofia Laine | O7: F | P7: 25 | Q7: C
A8: 4801 | B8: 945 | C8: France | D8: 44975.016 | E8: Other | F8: Martine Rance | G8: 4674 | H8: France | I8: 44975 | J8: Q1 | K8: 0.51597222 | L8: Delta | M8: 150000 | N8: Benjamin Chen | O8: M | P8: 34 | Q8: B
A9: 5719 | B9: 218 | C9: France | D9: 45253.049 | E9: Website | F9: Veysel Oeztan | G9: 5954 | H9: France | I9: 45253 | J9: Q4 | K9: 0.048611111 | L9: Beta | M9: 150000 | N9: Oliver Kumar | O9: F | P9: 34 | Q9: A
A10: 5846 | B10: 264 | C10: USA | D10: 45283.056 | E10: Website | F10: Julie Murphy | G10: 9887 | H10: USA | I10: 45283 | J10: Q4 | K10: 0.055555556 | L10: Beta | M10: 150000 | N10: Liam Baumann | O10: M | P10: 46 | Q10: A
A11: 7615 | B11: 566 | C11: USA | D11: 45233.99 | E11: Whatsapp | F11: Dominique Perrier | G11: 8303 | H11: USA | I11: 45233 | J11: Q4 | K11: 0.49027778 | L11: Beta | M11: 150000 | N11: Liam O'Sullivan | O11: M | P11: 74 | Q11: B
A12: 8568 | B12: 1414 | C12: USA | D12: 45133.008 | E12: App | F12: Peter Ferguson | G12: 8969 | H12: USA | I12: 45133 | J12: Q3 | K12: 0.50763889 | L12: Alpha | M12: 250000 | N12: Marco Bianchi | O12: F | P12: 28 | Q12: C
A13: 9339 | B13: 1681 | C13: Spain | D13: 45278.027 | E13: App | F13: Michael Frick | G13: 2782 | H13: Spain | I13: 45278 | J13: Q4 | K13: 0.52708333 | L13: Beta | M13: 150000 | N13: Sophia Rossi | O13: F | P13: 38 | Q13: D
... A2501: 1682358 | B2501: 567 | C2501: Australia | D2501: 45012.972 | E2501: Website | F2501: Helen Bennett | G2501: 4540 | H2501: Australia | I2501: 45012 | J2501: Q1 | K2501: 0.47152778 | L2501: Beta | M2501: 100000 | N2501: Sophia Rossi | O2501: M | P2501: 37 | Q2501: B

Sheet Customers
A1: Customer ID | B1: Customer Country | C1: Gender | D1: Age | E1: Category
A2: 1 | B2: France | C2: M | D2: 31 | E2: A
A3: 2 | B3: Spain | C3: M | D3: 49 | E3: A
A4: 3 | B4: USA | C4: M | D4: 39 | E4: A
A5: 4 | B5: Australia | C5: M | D5: 44 | E5: A
A6: 5 | B6: Denmark | C6: M | D6: 81 | E6: A
A7: 6 | B7: USA | C7: F | D7: 62 | E7: A
A8: 7 | B8: Singapore | C8: M | D8: 76 | E8: A
A9: 8 | B9: France | C9: F | D9: 70 | E9: A
A10: 9 | B10: France | C10: F | D10: 75 | E10: A
A11: 10 | B11: Norway | C11: F | D11: 32 | E11: A
A12: 11 | B12: USA | C12: F | D12: 82 | E12: A
A13: 12 | B13: Spain | C13: F | D13: 65 | E13: A
... A2501: 2500 | B2501: Denmark | C2501: F | D2501: 46 | E2501: E

Sheet Sales Targets
A1: Sales POC | B1: Sales Manager First Name | C1: Sales Manager Last Name | D1: Sales Team | E1: 2023 Sales Target | F1: Sales manager | O1: Sales POC | P1: Sales Manager First Name | Q1: Sales Manager Last Name | R1: Sales Team | S1: 2023 Sales Target
A2: Kalle Suominen | B2: Amelia | C2: Johnson | D2: Epsilon | E2: 100000 | F2: =_xlfn.TEXTJOIN(" ",,B2:C2) -> Amelia Johnson | O2: =COUNTBLANK(A2:A93) -> 0 | P2: =COUNTBLANK(B2:B93) -> 0 | Q2: =COUNTBLANK(C2:C93) -> 0 | R2: =COUNTBLANK(D2:D93) -> 0 | S2: =COUNTBLANK(E2:E93) -> 0
A3: Julie Brown | B3: Lukas | C3: Schmidt | D3: Alpha | E3: 200000 | F3: =_xlfn.TEXTJOIN(" ",,B3:C3) -> Lukas Schmidt
A4: Jeff Young | B4: Olivia | C4: Jensen | D4: Beta | E4: 200000 | F4: =_xlfn.TEXTJOIN(" ",,B4:C4) -> Olivia Jensen
A5: Kyung Yu | B5: Sofia | C5: Laine | D5: Gamma | E5: 100000 | F5: =_xlfn.TEXTJOIN(" ",,B5:C5) -> Sofia Laine
A6: Adrian Huxley | B6: Chloe | C6: Dupont | D6: Beta | E6: 200000 | F6: =_xlfn.TEXTJOIN(" ",,B6:C6) -> Chloe Dupont
A7: Kwai Yu | B7: Alexander | C7: Müller | D7: Alpha | E7: 200000 | F7: =_xlfn.TEXTJOIN(" ",,B7:C7) -> Alexander Müller
A8: Jytte Petersen | B8: Liam | C8: O'Sullivan | D8: Beta | E8: 100000 | F8: =_xlfn.TEXTJOIN(" ",,B8:C8) -> Liam O'Sullivan
A9: Paul Henriot | B9: Sophia | C9: Rossi | D9: Beta | E9: 200000 | F9: =_xlfn.TEXTJOIN(" ",,B9:C9) -> Sophia Rossi
A10: Sue King | B10: Emma | C10: Hansen | D10: Gamma | E10: 100000 | F10: =_xlfn.TEXTJOIN(" ",,B10:C10) -> Emma Hansen
A11: Victoria Ashworth | B11: Ethan | C11: Lee | D11: Beta | E11: 250000 | F11: =_xlfn.TEXTJOIN(" ",,B11:C11) -> Ethan Lee
A12: Anna O'Hara | B12: Isabella | C12: Garcia | D12: Alpha | E12: 200000 | F12: =_xlfn.TEXTJOIN(" ",,B12:C12) -> Isabella Garcia
A13: Diego Freyre | B13: Noah | C13: Meier | D13: Alpha | E13: 1000000 | F13: =_xlfn.TEXTJOIN(" ",,B13:C13) -> Noah Meier
A14: Akiko Shimamura | B14: Ava | C14: Williams | D14: Epsilon | E14: 100000 | F14: =_xlfn.TEXTJOIN(" ",,B14:C14) -> Ava Williams
... A93: Jesus Fernandez | B93: Ava | C93: Williams | D93: Epsilon | E93: 50000 | F93: =_xlfn.TEXTJOIN(" ",,B93:C93) -> Ava Williams

Sheet Data dictionary
C2: Order ID | D2: Represents Id of order
C3: Customer ID | D3: Customer unique Number
C4: Customer Country | D4: Country of customer
C5: Order Datetime | D5: Order date on which order has been done
C6: Order Source | D6: Source of Order
C7: Sales POC | D7: Sales point of contact
C8: Order Value | D8: Cost for particular order
C9: Country/index match | D9: Country of customer
C10: Order date
C11: Quarter
C12: Order Time
C13: Sales Team | D13: Sales team name
C14: 2023 Sales Target | D14: Target for the sales
C15: Sales manager | D15: sales manager name
C16: Gender | D16: gender of customer
C17: Age | D17: Age of customer
C18: Category | D18: Catagery of orders

Sheet Home work
A1: Outlire
A2: Sum of the order value | C2: 1455723
A3: Count of the orders for Indian customers
A4: Average order value for order plaed via wattsup
A5: Find the count of orders whose order date is on or after 15 june 2023which has been placed by customers whose age is more than 30
J11: Sum if | N11: Count if | P11: Average if | S11: Countifs
J12: =SUMIF('Orders Main data'!C2:C2501,'Orders Main data'!C3,'Orders Main data'!G2:G2501) -> 1367737 | N12: 283 | P12: =AVERAGEIF('Orders Main data'!E2:E2501,'Orders Main data'!E3,'Orders Main data'!G2:G2501) -> 4760.8231 | S12: =COUNTIFS('Orders Main data'!I2:I2501,">=15/6/2023",'Orders Main data'!P2:P2501,"> 30") -> 1083
J14: Row Labels | K14: Sum of Order Value | M14: Row Labels | N14: Count of Order Value | P14: Row Labels | Q14: Average of Order Value
J15: Australia | K15: 974217 | M15: Australia | N15: 198 | P15: App | Q15: 5132.3215
J16: Austria | K16: 223916 | M16: Austria | N16: 43 | P16: Other | Q16: 4952.375
J17: Denmark | K17: 307260 | M17: Denmark | N17: 66 | P17: Website | Q17: 4802.1052
J18: Finland | K18: 324319 | M18: Finland | N18: 66 | P18: Whatsapp | Q18: 4760.8231
J19: France | K19: 1645045 | M19: France | N19: 323 | P19: Grand Total | Q19: 4910.356
J20: Germany | K20: 299656 | M20: Germany | N20: 58
J21: India | K21: 1367737 | M21: India | N21: 283
J22: Ireland | K22: 84378 | M22: Ireland | N22: 19
J23: Italy | K23: 541659 | M23: Italy | N23: 114
J24: Norway | K24: 195229 | M24: Norway | N24: 40
J25: Singapore | K25: 484344 | M25: Singapore | N25: 96
J26: Spain | K26: 1378293 | M26: Spain | N26: 268
J27: Switzerland | K27: 165904 | M27: Switzerland | N27: 36
B28: Q1 | C28: =QUARTILE('Orders Main data'!G2:G2501,1) -> 2364 | E28: Q1 | J28: USA | K28: 4283933 | M28: USA | N28: 890
B29: Q2 | C29: =QUARTILE('Orders Main data'!G2:G2501,2) -> 4737 | E29: Q2 | J29: Grand Total | K29: 12275890 | M29: Grand Total | N29: 2500
B30: Q3 | C30: =QUARTILE('Orders Main data'!G2:G2501,3) -> 7439.25 | E30: Q3
B32: IQR | C32: =C30-C28 -> 5075.25 | E32: IQR
B34: Upper bond | C34: =C30+1.5*C32 -> 15052.125 | E34: Upper bond
B35: Lower bond | C35: =C28-1.5*C30 -> -8794.875 | E35: Lower bond

Sheet Pivot table
F1: which hrour of the day most orders are placed and which hour of the day average order value is highest? | N1: Which age group has most order place and which age group has highest average sales value | U1: How no of orders place with order source
A2: Order trend across month | F2: Order Trends across Hrs | N2: Order trend across age group
A3: Row Labels | B3: Total order | C3: Sales value | F3: Row Labels | G3: Total order | H3: Sales value | N3: Row Labels | O3: Total order | P3: Sum of Order Value | U3: Row Labels | V3: Total order
A4: Jan | B4: 217 | C4: 4854.4286 | F4: 4 AM | G4: 2 | H4: 6297.5 | N4: <20 | O4: 78 | P4: 381802 | U4: App | V4: 622
A5: Feb | B5: 220 | C5: 4979.5909 | F5: 12 PM | G5: 1005 | H5: 4984.1632 | N5: 40-49 | O5: 318 | P5: 1548902 | U5: Other | V5: 608
A6: Mar | B6: 197 | C6: 5166.2234 | F6: 1 AM | G6: 629 | H6: 4969.4308 | N6: 70-79 | O6: 336 | P6: 1609293 | U6: Website | V6: 637
A7: Apr | B7: 197 | C7: 4822.2335 | F7: 10 AM | G7: 156 | H7: 4933.6026 | N7: 30-39 | O7: 345 | P7: 1655399 | U7: Whatsapp | V7: 633
A8: May | B8: 207 | C8: 4901.6425 | F8: 11 AM | G8: 648 | H8: 4760.4429 | N8: 50-59 | O8: 334 | P8: 1684094 | U8: Grand Total | V8: 2500
A9: Jun | B9: 213 | C9: 4926.7606 | F9: 2 AM | G9: 60 | H9: 4567.1667 | N9: 80-90 | O9: 351 | P9: 1737911
A10: Jul | B10: 209 | C10: 4989.1962 | F10: Grand Total | G10: 2500 | H10: 4910.356 | N10: 60-69 | O10: 377 | P10: 1813511
A11: Aug | B11: 207 | C11: 5169.5797 | N11: 20-29 | O11: 361 | P11: 1844978
A12: Sep | B12: 195 | C12: 4759.041 | N12: Grand Total | O12: 2500 | P12: 12275890
A13: Oct | B13: 201 | C13: 4673.4925
A14: Nov | B14: 229 | C14: 5236.1092
A15: Dec | B15: 208 | C15: 4403.3846
A16: Grand Total | B16: 2500 | C16: 4910.356
A22: Sales target and their completion rates | F22: 1. which sales team got highest sales target in total, plot on chart to see comparision.
A23: Target not met, target met, target exceeded. | F23: Team sales target
A24: Row Labels | B24: Order Value | C24: Sales Target | F24: Row Labels | G24: Sum of 2023 Sales Target | I24: Row Labels | J24: Average of 2023 Sales Target
A25: Diego Freyre | B25: 1089868 | C25: 1000000 | F25: Alpha | G25: 3690000 | I25: Alpha | J25: 395339.2
A26: Valarie Nelson | B26: 776835 | C26: 1000000 | F26: Beta | G26: 2920000 | I26: Beta | J26: 146003.75
A27: Wendy Victorino | B27: 171694 | C27: 250000 | F27: Delta | G27: 2310000 | I27: Delta | J27: 472118.45
A28: Peter Ferguson | B28: 261772 | C28: 250000 | F28: Epsilon | G28: 1480000 | I28: Epsilon | J28: 135812.27
A29: Victoria Ashworth | B29: 261093 | C29: 250000 | F29: Gamma | G29: 2410000 | I29: Gamma | J29: 126087.91
A30: Kwai Yu | B30: 219735 | C30: 200000 | F30: Grand Total | G30: 12810000 | I30: Grand Total | J30: 277904
A31: Janine Labrune | B31: 203887 | C31: 200000
A32: Paul Henriot | B32: 195983 | C32: 200000
A33: Anna O'Hara | B33: 242439 | C33: 200000
A34: Sue Frick | B34: 195359 | C34: 200000
A35: Eric Natividad | B35: 201398 | C35: 200000
A36: Jeff Young | B36: 227134 | C36: 200000
A37: Julie Brown | B37: 192740 | C37: 200000
A38: Adrian Huxley | B38: 182094 | C38: 200000
A39: Valarie Young | B39: 166573 | C39: 150000
A40: Georg Pipps | B40: 188709 | C40: 150000
A41: Giovanni Rovelli | B41: 175816 | C41: 150000
A42: Mary Saveley | B42: 173391 | C42: 150000
... A45: Grand Total | B45: 5458726 | C45: 1000000

Sheet Dashboard
E3: Amazon Orders dataset
D27: 1. Even when Order count is lower in feb and aug , Order value is high. Which implifies that some high ticket order have been place | O27: 1. 16 hr in day has less order ount and Higest average sale value
D28: 2. Orders have been drop in March , april and september. | O28: 2. 12 hr at midnight having more order count with high average sale
D48: 1. Order placed acrros order souce having equal contribution
D68: 1. sales target was not complited by the Valarei and wendy, where as anna and jeff exceed the targets
